"setting","label","n","alpha","mean","sd","reference_quantile","quantile","exact","method","error_allowance","actual_tail","seconds_for_three_levels"
"sqrt25","Square roots, 25",25,0.05,42.8168901375391,9.01387818865997,NA,57.6637319186548,TRUE,"meet_in_the_middle",0,NA,0.079
"sqrt25","Square roots, 25",25,0.001,42.8168901375391,9.01387818865997,NA,69.8351509155644,TRUE,"meet_in_the_middle",0,NA,0.079
"sqrt25","Square roots, 25",25,1e-06,42.8168901375391,9.01387818865997,NA,81.4875159051362,TRUE,"meet_in_the_middle",0,NA,0.079
"sqrt26","Square roots, 26",26,0.05,45.3663998943355,9.3674969975976,NA,60.7978515625026,FALSE,"grid",0.00499318008293815,NA,4.846
"sqrt26","Square roots, 26",26,0.001,45.3663998943355,9.3674969975976,NA,73.4838867187526,FALSE,"grid",0.00499318008293815,NA,4.846
"sqrt26","Square roots, 26",26,1e-06,45.3663998943355,9.3674969975976,NA,85.7690429687526,FALSE,"grid",0.00499318008293815,NA,4.846
"equal100","Equal, fair",100,0.05,50,5,58,58,TRUE,"binomial",0,0.0443130400570338,0.00499999999999989
"equal100","Equal, fair",100,0.001,50,5,65,65,TRUE,"binomial",0,0.000894965195743426,0.00499999999999989
"equal100","Equal, fair",100,1e-06,50,5,73,73,TRUE,"binomial",0,8.3368132472505e-07,0.00499999999999989
"ranks100","Ranks, fair",100,0.05,2525,290.839302708558,3004,3004,TRUE,"wilcoxon",0,0.0496796627130916,0.00999999999999979
"ranks100","Ranks, fair",100,0.001,2525,290.839302708558,3415,3415,TRUE,"wilcoxon",0,0.000991986277549132,0.00999999999999979
"ranks100","Ranks, fair",100,1e-06,2525,290.839302708558,3866,3866,TRUE,"wilcoxon",0,9.86359751861419e-07,0.00999999999999979
"dominant40","60 + 39 unit weights",40,0.05,49.5,30.1620622637113,83,83,TRUE,"binomial_blocks",0,0.0498977167299017,0.00699999999999967
"dominant40","60 + 39 unit weights",40,0.001,49.5,30.1620622637113,88,88,TRUE,"binomial_blocks",0,0.000844461977976607,0.00699999999999967
"dominant40","60 + 39 unit weights",40,1e-06,49.5,30.1620622637113,93,93,TRUE,"binomial_blocks",0,6.07476977165788e-07,0.00699999999999967
"heterogeneous80","Lattice, unequal probabilities",80,0.05,204,20.4646035876584,237,237,TRUE,"lattice_dp",0,0.0478808066882044,0.00499999999999989
"heterogeneous80","Lattice, unequal probabilities",80,0.001,204,20.4646035876584,264,264,TRUE,"lattice_dp",0,0.000882792215519795,0.00499999999999989
"heterogeneous80","Lattice, unequal probabilities",80,1e-06,204,20.4646035876584,292,292,TRUE,"lattice_dp",0,7.56096480629784e-07,0.00499999999999989
"repeated600","Two repeated real weights",600,0.05,448.58348333185,16.8819430161341,476.296296252952,476.296296252952,TRUE,"binomial_blocks",0,0.0496872988892237,0.0190000000000001
"repeated600","Two repeated real weights",600,0.001,448.58348333185,16.8819430161341,500.5128994769,500.5128994769,TRUE,"binomial_blocks",0,0.00098043922196086,0.0190000000000001
"repeated600","Two repeated real weights",600,1e-06,448.58348333185,16.8819430161341,528.050739734397,528.050739734397,TRUE,"binomial_blocks",0,9.94763571465281e-07,0.0190000000000001
"sqrt100","Square roots, 100",100,0.05,335.731473551574,35.5316760088797,NA,394.316406250019,FALSE,"grid",0.208927896880875,NA,16.851
"sqrt100","Square roots, 100",100,0.001,335.731473551574,35.5316760088797,NA,444.863281250019,FALSE,"grid",0.208927896880875,NA,16.851
"sqrt100","Square roots, 100",100,1e-06,335.731473551574,35.5316760088797,NA,501.023437500019,FALSE,"grid",0.208927896880875,NA,16.851
"near100","Near equal, fair",100,0.05,50,5.00212496932596,58.0959595959596,58.1240234375028,FALSE,"grid",0.0488281250042635,0.0487040749463436,16.191
"near100","Near equal, fair",100,0.001,50,5.00212496932596,65.1631313131313,65.1953125000028,FALSE,"grid",0.0488281250042635,0.000965740688721993,16.191
"near100","Near equal, fair",100,1e-06,50,5.00212496932596,73.160101010101,73.1953125000028,FALSE,"grid",0.0488281250042635,9.35495715332775e-07,16.191
"wide100","Spread weights, fair",100,0.05,50,5.20820706917658,58.5707070707071,58.5976562500028,FALSE,"grid",0.0478515625042643,0.0494253146448632,16.342
"wide100","Spread weights, fair",100,0.001,50,5.20820706917658,65.979797979798,66.0107421875028,FALSE,"grid",0.0478515625042643,0.000978233508481874,16.342
"wide100","Spread weights, fair",100,1e-06,50,5.20820706917658,74.2222222222222,74.2558593750028,FALSE,"grid",0.0478515625042643,9.65740544433601e-07,16.342
"near100_rare","Near equal, success 0.1",100,0.05,10,3.00127498159557,15.0530303030303,15.0595703125028,FALSE,"grid",0.0488281250042635,0.049246971183516,16.06
"near100_rare","Near equal, success 0.1",100,0.001,10,3.00127498159557,20.1151515151515,20.1250000000028,FALSE,"grid",0.0488281250042635,0.000977152186852198,16.06
"near100_rare","Near equal, success 0.1",100,1e-06,10,3.00127498159557,26.9136363636364,26.9277343750028,FALSE,"grid",0.0488281250042635,9.70722628966092e-07,16.06
"harmonic100","Harmonic, fair",100,0.05,2.59368875881981,0.639332444856526,NA,3.61825561523452,FALSE,"grid",0.00149577337622596,NA,17.117
"harmonic100","Harmonic, fair",100,0.001,2.59368875881981,0.639332444856526,NA,4.12515258789077,FALSE,"grid",0.00149577337622596,NA,17.117
"harmonic100","Harmonic, fair",100,1e-06,2.59368875881981,0.639332444856526,NA,4.50439453125015,FALSE,"grid",0.00149577337622596,NA,17.117
"near1000","Near equal, 1000",1000,0.05,500,15.8116523493493,NA,526.094400961173,FALSE,"conditional_mgf_retain4",NA,NA,22.955
"near1000","Near equal, 1000",1000,0.001,500,15.8116523493493,NA,549.066326850815,FALSE,"conditional_mgf_retain4",NA,NA,22.955
"near1000","Near equal, 1000",1000,1e-06,500,15.8116523493493,NA,575.101986189606,FALSE,"conditional_mgf_retain4",NA,NA,22.955
"unequal_sqrt80","Square roots, unequal probabilities",80,0.05,249.932610295048,26.5339524555124,NA,293.253906250014,FALSE,"grid",0.078256604188321,NA,0.47699999999999
"unequal_sqrt80","Square roots, unequal probabilities",80,0.001,249.932610295048,26.5339524555124,NA,329.503906250014,FALSE,"grid",0.078256604188321,NA,0.47699999999999
"unequal_sqrt80","Square roots, unequal probabilities",80,1e-06,249.932610295048,26.5339524555124,NA,368.662109375014,FALSE,"grid",0.078256604188321,NA,0.47699999999999
