"setting","label","alpha","concentration","grid","envelope","moments","mgf","returned","method","sd"
"sqrt26","Square roots, 26",0.05,65.5178277825553,60.7978515625026,61.6327587451749,62.2069451791328,61.9601521647399,60.7978515625026,"grid",9.3674969975976
"sqrt26","Square roots, 26",0.001,77.391117575362,73.4838867187526,74.1139677066824,74.7009096137326,74.4751194035424,73.4838867187526,"grid",9.3674969975976
"sqrt26","Square roots, 26",1e-06,87.9975909201072,85.7690429687526,86.0007489811046,86.5705221285722,86.3199036945515,85.7690429687526,"grid",9.3674969975976
"sqrt100","Square roots, 100",0.05,412.167474227573,394.316406250019,415.904339828417,400.751225878341,399.157016124024,394.316406250019,"grid",35.5316760088797
"sqrt100","Square roots, 100",0.001,457.2038255801,444.863281250019,464.952186787337,451.653226524081,449.404038641844,444.863281250019,"grid",35.5316760088797
"sqrt100","Square roots, 100",1e-06,512.703151782885,501.023437500019,518.337040160466,508.370360626646,505.159727200665,501.023437500019,"grid",35.5316760088797
"near100","Near equal, fair",0.05,60.7606077304458,58.1240234375028,58.3757575757604,58.1616431077384,58.14765796047,58.1240234375028,"grid",5.00212496932596
"near100","Near equal, fair",0.001,67.1007943732463,65.1953125000028,65.4227272727301,65.2302590757337,65.2118573205628,65.1953125000028,"grid",5.00212496932596
"near100","Near equal, fair",1e-06,74.7584527949612,73.1953125000028,73.3843434343463,73.2221511573373,73.2051568484287,73.1953125000028,"grid",5.00212496932596
"wide100","Spread weights, fair",0.05,61.2039330472574,58.5976562500028,61.3636363636392,59.2432326600083,59.0986627973531,58.5976562500028,"grid",5.20820706917658
"wide100","Spread weights, fair",0.001,67.8053284732861,66.0107421875028,68.5606060606089,66.6537177866586,66.4748529995283,66.0107421875028,"grid",5.20820706917658
"wide100","Spread weights, fair",1e-06,75.9403790966127,74.2558593750028,76.4191919191948,74.8774072508328,74.6739129598689,74.2558593750028,"grid",5.20820706917658
"near100_rare","Near equal, success 0.1",0.05,17.0209771167142,15.0595703125028,15.1954545454574,15.0990403794106,15.0909820132391,15.0595703125028,"grid",3.00127498159557
"near100_rare","Near equal, success 0.1",0.001,21.7214220057097,20.1250000000028,20.2929292929321,20.1694079943368,20.1562137385962,20.1250000000028,"grid",3.00127498159557
"near100_rare","Near equal, success 0.1",1e-06,27.8903503411115,26.9277343750028,27.1449494949523,26.9708347378837,26.9658026475264,26.9277343750028,"grid",3.00127498159557
"harmonic100","Harmonic, fair",0.05,3.84658522794332,3.61825561523452,3.85156028058984,3.86301375403944,3.7801581348172,3.61825561523452,"grid",0.639332444856526
"harmonic100","Harmonic, fair",0.001,4.26410370242514,4.12515258789077,4.3268751798044,4.44801488484903,4.21517836248015,4.12515258789077,"grid",0.639332444856526
"harmonic100","Harmonic, fair",1e-06,4.58041509652996,4.50439453125015,4.6483737469753,4.67706649551278,4.54483153037259,4.50439453125015,"grid",0.639332444856526
"near1000","Near equal, 1000",0.05,534.014141898728,542.437500000028,526.938078078107,526.09440096118,526.094400961173,526.094400961173,"conditional_mgf_retain4",15.8116523493493
"near1000","Near equal, 1000",0.001,554.055389896468,566.000000000028,549.893883883912,549.066326850832,549.066326850815,549.066326850815,"conditional_mgf_retain4",15.8116523493493
"near1000","Near equal, 1000",1e-06,578.752678347546,593.062500000028,575.928478478507,575.10198618961,575.101986189606,575.101986189606,"conditional_mgf_retain4",15.8116523493493
"unequal_sqrt80","Square roots, unequal probabilities",0.05,307.944454329548,293.253906250014,NA,NA,NA,293.253906250014,"grid",26.5339524555124
"unequal_sqrt80","Square roots, unequal probabilities",0.001,342.314551634956,329.503906250014,NA,NA,NA,329.503906250014,"grid",26.5339524555124
"unequal_sqrt80","Square roots, unequal probabilities",1e-06,379.201150491246,368.662109375014,NA,NA,NA,368.662109375014,"grid",26.5339524555124
